[{"id":"saludFinanciera",
	"titulo":"Fintech App",
	"href":"",
	"type": "button",
	"copy_1":"¡Haz tu pedido!",
	"copy_2":"Código",
	"description":"¿Quieres Ahorrar?s",
	"image":["assets/picture/fintech1.jpg",
			"assets/picture/fintech2.jpg",
			"assets/picture/fintech3.jpg",
			"assets/picture/fintech4.png",
			"assets/picture/fintech5.png",
			"assets/picture/fintech6.png",
			"assets/picture/fintech7.png",
			"assets/picture/fintech8.png",
			"assets/picture/fintech9.png",
			"assets/picture/fintech10.png",
			"assets/picture/fintech11.png"
			
		]
	}
]