[{"id":"portafolio",
	"titulo":"Mi portafolio",
	"href":"#",
	"type": "button",
	"copy_1":"¡Haz tu pedido!",
	"copy_2":"Código",
	"description":"Proceso creativo de mi portafolio",
	"image":["assets/picture/miPortafolio/portafolio1.png",
			"assets/picture/miPortafolio/portafolio2.jpg",
			"assets/picture/miPortafolio/portafolio3.png",
			"assets/picture/miPortafolio/portafolio4.jpg",
			"assets/picture/miPortafolio/portafolio-menu-iteracion-1.avi",
			"assets/picture/miPortafolio/portafolio-menu-iteracion-2.avi"
		]
	}
]