[{"id":"panDemonium",
	"titulo":"pan <br> D'monium",
	"href":"https://github.com/sofiamejiamuro/burger-queen-vue/tree/sofia-modelos",
	"type": "button",
	"copy_1":"¡Haz tu pedido!",
	"copy_2":"Código",
	"description":"Web app que optimiza la toma de pedidos y la cobranza del restaurante vegano",
	"image":["assets/picture/panDmonium/panDmonium1.png",
			"assets/picture/panDmonium/panDmonium2.png",
			"assets/picture/panDmonium/panDmonium3.png",
			"assets/picture/panDmonium/panDmonium4.png",
			"assets/picture/panDmonium/panDmonium5.png",
			"assets/picture/panDmonium/panDmonium6.png",
			"assets/picture/panDmonium/panDmonium7.jpg",
			"assets/picture/panDmonium/panDmonium8.jpg",
			"assets/picture/panDmonium/panDmonium9.png",
			"assets/picture/panDmonium/panDmonium10.jpg",
			"assets/picture/panDmonium/panDmonium11.jpg",
			"assets/picture/panDmonium/panDmonium12.jpg",
			"assets/picture/panDmonium/panDmonium13.jpg",
			"assets/picture/panDmonium/panDmonium14.jpg",
			"assets/picture/panDmonium/panDmonium15.jpg"
		]
	}
]