[{"id":"pocketMonster",
	"titulo":"Pocket <br> Monster",
	"href":"#",
	"type": "button",
	"copy_1":"¡Haz tu pedido!",
	"copy_2":"Código",
	"description":"Web app  para conocer sobre los  pokemones de la región de Kanto",
	"image":["assets/picture/pocketMonster/pocketMonster1.jpg",
			"assets/picture/pocketMonster/pocketMonster2.png",
			"assets/picture/pocketMonster/pocketMonster3.png",
			"assets/picture/pocketMonster/pocketMonster4.png",
			"assets/picture/pocketMonster/pocketMonster5.jpg",
			"assets/picture/pocketMonster/pocketMonster6.jpg",
			"assets/picture/pocketMonster/pocketMonster7.jpg",
			"assets/picture/pocketMonster/pocketMonster8.jpg",
			"assets/picture/pocketMonster/pocketMonster9.jpg",
			"assets/picture/pocketMonster/pocketMonster10.jpg",
			"assets/picture/pocketMonster/pocketMonster11.png",
			"assets/picture/pocketMonster/pocketMonster12.png",
			"assets/picture/pocketMonster/pocketMonster13.jpg"
		]
	}
]